{"cameraMode":{"drawMode":0,"name":"Shaded","section":"Shading Mode"},"sceneLighting":true,"audioPlay":false,"sceneViewState":{"m_AlwaysRefresh":false,"showFog":true,"showSkybox":true,"showFlares":true,"showImageEffects":true,"showParticleSystems":true,"showVisualEffectGraphs":true,"m_FxEnabled":true},"in2DMode":false,"pivot":{"x":27.259477615356447,"y":0.7183313369750977,"z":-3.8112878799438478},"rotation":{"x":0.3430623710155487,"y":-0.3766576647758484,"z":0.15258531272411347,"w":0.8468508720397949},"size":16.023221969604493,"orthographic":false}